casenumber,product,specifics,case_state,description,priority,progress,createdon,closedon,outcome,firstname,lastname
CAS-9349510-C6I5F4,PARKING,Pay by Plate,Resolved,"I'm parked in the Britomart car park on Customs Street in central Auckland, trying to pay by plate, but the machine won't recognise my number plate and I can't work out what to do next. I'm really confused about whether I should use the Pay by Plate option on the screen or the NZ Parking app, and there's no clear guidance.",P1 - Normal,Response - Full Given,28/01/2025,19/03/2025,REQUEST FOR INFORMATION,Liam,Smith
CAS-2466118-A0F3I9,PARKING,CCTV Camera,Active,"I'm parked in the car park off Hobson Street in Auckland city centre, and the CCTV camera isn't functioning. This is leaving me frustrated about security and any evidence if something goes wrong.",P1 - Normal,Response - Full Given,27/11/2023,,REQUEST FOR INFORMATION,Olivia,Johnson
CAS-6698506-N6F9T9,PARKING,AT Park App,Active,"While parked on Queen Street in Auckland CBD, I tried to pay for parking with the AT Park app, but the payment failed and the app wouldn’t connect to the sensors.",P1 - Normal,FCR - First Contact Resolution,1/09/2023,,REQUEST FOR INFORMATION,Noah,Williams
CAS-1794012-D5E8Y0,BUS,Arrival & Departure Boards,Resolved,"At Britomart Transport Centre, the arrival and departure boards aren't updating in real time and frequently show inaccurate bus times, which makes planning connections unreliable.",P1 - Normal,Customer - No Response,8/05/2025,7/07/2025,REQUEST FOR INFORMATION,Emma,Brown
CAS-8169260-E5F2E6,ROADS,Reduce Speed,Resolved,"Urgent: Vehicles are regularly speeding along Tamaki Drive past Mission Bay Beach, endangering pedestrians and cyclists on the waterfront path. Please implement a reduced speed limit in this stretch and add traffic calming measures.",P1 - Normal,Customer - No Response,11/10/2023,2/11/2023,REQUEST FOR INFORMATION,Oliver,Jones
CAS-2819533-L6Z1A5,FOOTPATH,Pedestrian Facilities,Active,"There's a fault in the pedestrian facilities on Ponsonby Road near Williamson Ave in Grey Lynn, Auckland, with an uneven footpath and loose pavers creating a trip hazard for pedestrians.",P1 - Normal,Field Staff Awaiting Assignment,4/05/2023,,REQUEST FOR INFORMATION,Charlotte,Garcia
CAS-3758418-A7T7X3,ROADS,Road Markings,Resolved,"Headed along Great North Road in New Lynn, the bus lane and turning-arrow markings are faded and unclear. I’m not sure which lane I should be in at that intersection near Lynn Mall.",P1 - Normal,Case – Closed by Field Staff,1/05/2023,10/05/2023,REQUEST FOR INFORMATION,Elijah,Miller
CAS-2867567-Y7Q0L4,BUS,Crashes and Incidents,Resolved,Absolutely furious about the crashes on the 38 bus along Dominion Road in Balmoral today—the bus suddenly braked and nearly collided with a car in front. This is the second such incident on that stretch this month and it’s not acceptable.,P3 - High,FCR - Insufficient Info From Customer,29/09/2023,25/10/2023,FIX,Amelia,Davis
CAS-4433109-T0I8D8,HOP,Concessions,Active,"Mate, I’m furious—the concession fare didn’t get applied on the 7:50am bus from Britomart Transport Centre to Henderson this morning, even after I flashed my Gold Card. This has happened before and it’s costing me money; fix it at Britomart so concessions actually work.",P1 - Normal,Response - Full Given,26/09/2023,,REQUEST FOR INFORMATION,James,Rodriguez
CAS-2660635-F8S9O8,ROADS,Surface Cleaning / Spills,Resolved,"Kia ora, there's a spill of oil on the footpath and bus stop lane outside The Civic on Victoria Street West in Auckland CBD, making the surface slippery for pedestrians and bus users. Could you arrange prompt cleaning to prevent slips, especially during the morning peak?",P2 - Moderate,Referred - Auckland Council,16/07/2023,4/08/2023,FIX,Sophia,Martinez
CAS-0471490-A3A3K2,ROADS,Directional Signage,Active,"Urgent: The directional signage at the Great North Road and New North Road roundabout in Kingsland is faded and partly obscured, causing motorists to miss the city-bound exit and head toward Ponsonby instead.",P1 - Normal,Response - Full Given,29/03/2023,,REQUEST FOR INFORMATION,Benjamin,Hernandez
CAS-8362776-C6Y5O0,FOOTPATH,Interference From Private Property,Resolved,"I'm confused why the footpath outside 28 Ponsonby Road in Grey Lynn is blocked by a fence from the adjacent private property, narrowing the walkway. Pedestrians are forced to walk on the road, which isn’t safe and I’m not sure who should address it.",P1 - Normal,Referred - Auckland Council Error,13/12/2024,6/01/2025,REQUEST FOR INFORMATION,Mia,Lopez
CAS-6525484-B6C8D2,ROADS,Directional Signage,Resolved,"At the corner of Dominion Road and Balmoral Road in Balmoral, the directional signage is hopelessly unclear—the arrows are faded and the City Centre and Newmarket directions look wrong, so I end up looping around during peak hour trying to find the right turn.",P1 - Normal,FCR - First Contact Resolution,25/09/2025,2/11/2025,REQUEST FOR INFORMATION,Lucas,Gonzalez
CAS-3340616-W7K6K8,PARKING,Carpark,Active,"Frustrated that the Britomart Transport Centre carpark is consistently full by 8am, forcing me to drive around the block looking for a space. The entry barriers take ages to lift and the space indicators never seem to update, so I waste time and risk getting a ticket.",P1 - Normal,Customer - No Response,18/03/2023,,REQUEST FOR INFORMATION,Isabella,Wilson
CAS-1191609-Z3L1L1,ROADS,CCTV Camera,Resolved,There's a CCTV camera at the intersection of Dominion Road and New North Road near Mt Eden that's flickering and can't seem to lock onto traffic in the left lane during peak hour. I'm a bit confused about what it's actually recording and why it's so unstable.,P1 - Normal,FCR - First Contact Resolution,27/10/2025,12/11/2025,REQUEST FOR INFORMATION,Henry,Anderson
CAS-8362041-M4J1H7,PARKING,Parking Charges & Payments,Resolved,"I'm bloody furious about the parking charges at the Victoria Street West car park in Auckland CBD—the rates keep jumping without notice and the payment machine wouldn't take my card, leaving me with an inflated bill.",P1 - Normal,Response - Full Given,12/04/2023,14/05/2023,REQUEST FOR INFORMATION,Ava,Thomas
CAS-6878726-L5I2P9,ROADS,Reduce Speed,Active,"On Great North Road in Henderson, the speed limit suddenly drops from 50km/h to 30km/h with no warning signs or explanation. It's really confusing and feels unsafe navigating these abrupt changes and unclear signage.",P1 - Normal,Customer - Request Closure,29/10/2025,,REQUEST FOR INFORMATION,Alexander,Taylor
CAS-0760227-O7A9I0,PARKING,Vehicle Towing,Active,"Parked my car on Queen Street near the Britomart Transport Centre in Auckland CBD, and it was towed away. There was no clear signage or tow-away notice, and I couldn’t locate the vehicle afterwards.",P1 - Normal,Enforcement – No action required,21/12/2024,,REQUEST FOR INFORMATION,Harper,Moore
CAS-3022456-A7Q1M2,FOOTPATH,Tactile Indicators & Pads,Resolved,"Urgent: tactile indicators and pads on the footpath along Queen Street near Britomart Transport Centre are cracked and loose, with several pads raised and misaligned. This creates a serious trip hazard for visually impaired pedestrians and others navigating the area.",P1 - Normal,Response - Full Given,31/01/2024,14/02/2024,REQUEST FOR INFORMATION,Ethan,Martin
CAS-5654274-H0G6U6,PARKING,CCTV Camera,Resolved,"I'm parked in the Queen Street car park near Britomart in Auckland, and the CCTV camera keeps swivelling toward my car. I can't work out whether it's recording for enforcement or just monitoring, which has left me pretty confused.",P1 - Normal,Declined - Info Doesn't Exist,16/07/2025,7/09/2025,REQUEST FOR INFORMATION,Evelyn,Jackson
CAS-5323239-Z3U3C9,HOP,Refund,Active,Urgent: I need a refund for a fare charged to my HOP card after I tapped at the Britomart Transport Centre on Queen Street for a trip I didn’t take. Please reverse the charge to my HOP balance promptly and confirm what went wrong.,P2 - Moderate,Problem Solved,21/11/2024,,PAYMENTS & REFUNDS,Daniel,Thompson
CAS-8760050-J3Q0U4,BUS,Crashes and Incidents,Active,"On Dominion Road near the Balmoral Road intersection, the bus I was on was sideswiped by another vehicle and lurched into the curb, scattering passengers and leaving us shaken. This kind of crash happens far too often along this busy Auckland corridor and I’m frustrated at the lack of effective safety measures on this route.",P4 - Significant,Response - Full Given,9/07/2025,,FIX,Abigail,White
CAS-5568629-X2F7K7,WALKING,Benches & Seating,Active,"I'm walking along Queen Street near the Britomart Transport Centre and I'm confused why there are so few usable benches, with the ones available often cracked or blocked by signage.",P1 - Normal,Response - Full Given,30/06/2023,,REQUEST FOR INFORMATION,Matthew,Harris
CAS-3677239-T2T5M3,PARKING,Payment Machines,Active,"Stuck on Customs Street East outside Britomart in Auckland—the parking payment machines won't accept card or contactless and just display an error, so I can't pay and risk getting a ticket.",P1 - Normal,Case - Relogged Incorrect Dimension,30/09/2024,,REQUEST FOR INFORMATION,Emily,Sanchez
CAS-0651091-U3I0P5,FOOTPATH,Interference From Private Property,Resolved,"On the footpath along Ponsonby Road in Grey Lynn, a private hedge and fence from the neighbouring property encroach onto the pavement, narrowing the path and forcing pedestrians to step into the road.",P1 - Normal,Case – Closed by Field Staff,16/05/2024,24/06/2024,REQUEST FOR INFORMATION,Aiden,Clark
CAS-4089924-P2Q0E9,PARKING,AT Park,Active,"Urgent: I’ve parked at the AT Park site on Customs Street East by Britomart, and the pay machine won’t accept my card. I’m at risk of getting a ticket while I try to sort out payment.",P1 - Normal,Response - Full Given,24/03/2024,,REQUEST FOR INFORMATION,Ella,Lewis
CAS-2497195-O7C7C7,WALKING,Benches & Seating,Active,"There’s a broken, splintered bench at the bus stop outside New Lynn Library on Great North Road, with exposed screws making it unsafe for pedestrians to sit while waiting for a bus. This needs urgent attention to prevent injuries and keep walkers from using that stretch of footpath.",P1 - Normal,Referred - Auckland Council Error,1/02/2023,,REQUEST FOR INFORMATION,Joseph,Robinson
CAS-8329637-Z3P7K0,PARKING,CCTV Camera,Active,"I'm confused about the CCTV camera at the Albert Street Car Park near the Sky Tower in Auckland; it's not recording, and there’s no footage available to verify my parking time. The signage says the cameras are monitored 24/7, but I can’t understand why there’s no footage when I need it.",P1 - Normal,Declined - Legislation,30/01/2025,,REQUEST FOR INFORMATION,Madison,Walker
CAS-8408061-Q6Y4H0,ROADS,Storm water Renewal,Resolved,"Bit confused about the stormwater renewal works along Tamaki Drive by Mission Bay. The detours and signs keep changing, and I can't tell when the road will be back to normal.",P1 - Normal,Referred - Auckland Council,8/10/2024,18/10/2024,REQUEST FOR INFORMATION,David,Perez
CAS-8220467-G1D2C1,HOP,My Transaction History,Resolved,"Absolutely fuming—the HOP Transaction History won’t load after I tapped at Britomart Transport Centre yesterday, and my top-ups and trips aren’t showing up correctly. I need a full, accurate record now, not another blank screen when I’m trying to sort my travel around Auckland.",P1 - Normal,FCR - First Contact Resolution,25/06/2025,12/07/2025,REQUEST FOR INFORMATION,Avery,Hall
CAS-2217451-Z1M8N9,ROADS,Temporary Traffic Management,Active,Temporary traffic management on Dominion Road outside the Balmoral shopping precinct near Mt Eden is causing slower travel and bus delays for local commuters.,P1 - Normal,Response - Simplified Given,8/01/2025,,REQUEST FOR INFORMATION,Samuel,Young
CAS-9643946-X4Q6W7,ROADS,Road Sealing,Active,I'm absolutely livid about the road sealing on New North Road in Grey Lynn; the surface is rough as guts with loose gravel and potholes that jar the car every time you drive past. This has been left untreated for months and it's a hazard that needs fixing now.,P1 - Normal,Response - Partial Given,17/05/2023,,REQUEST FOR INFORMATION,Scarlett,Allen
CAS-6394501-T9H8S7,ROADS,Damaged Kerb,Resolved,"There's a cracked and sunken kerb along Tamaki Drive near Mission Bay, and it's a real trip hazard for pedestrians. I'm a bit confused as to why this hasn't been fixed yet.",P2 - Moderate,Field Staff Awaiting Assignment,31/05/2023,8/06/2023,FIX,Carter,King
CAS-9700634-P2I5E8,FINES & INFRINGEMENTS,Parking Infringements,Resolved,"I parked in the Britomart Car Park on Customs Street East near the Ferry Building, paid for the ticket, and now I’ve been slapped with a parking infringement that’s obviously a mistake.",P2 - Moderate,Response - Full Given,27/05/2025,25/07/2025,DISPUTE,Victoria,Wright
CAS-1092682-L5G5D0,BUS,Crashes and Incidents,Active,"While waiting at the Dominion Road bus stop near Balmoral, I witnessed a bus crash that blocked the lane and disrupted services in the area. The incident caused delays for multiple routes and raised safety concerns for passengers at the stop.",P3 - High,Enforcement – No action required,17/11/2024,,FIX,Owen,Scott
CAS-3192586-K3X6A3,BUS,Arrival & Departure Boards,Resolved,"At Britomart Transport Centre in Auckland CBD, the arrival and departure boards on the lower concourse kept flicking between times and displaying conflicting platform numbers. I ended up waiting for a bus that never arrived because the board kept switching times and platforms, leaving me totally confused about which service was due.",P1 - Normal,Assigned to Case Mgmt team,15/07/2025,3/08/2025,REQUEST FOR INFORMATION,Aria,Green
CAS-0317823-S4G9X0,PARKING,Pay by Plate Machine,Resolved,"While trying to pay at the pay-by-plate machine outside the Britomart Transport Centre on Customs Street East in Auckland CBD, the machine failed to recognise my licence plate and wouldn’t complete the payment.",P1 - Normal,Response - Partial Given,27/09/2023,16/11/2023,REQUEST FOR INFORMATION,Wyatt,Baker
CAS-2757648-J5N9N7,PARKING,CCTV Camera,Resolved,The CCTV camera at the car park on New North Road in Kingsland has been out of action for weeks. I’m furious I still got a ticket when it clearly wasn’t recording.,P1 - Normal,Response - Full Given,24/05/2025,2/06/2025,REQUEST FOR INFORMATION,Grace,Adams
CAS-4421879-B2E6R0,ROADS,Road Surface,Resolved,"There's an uneven road surface with several potholes along Dominion Road near the Balmoral Road intersection in Balmoral, Auckland. It's making for a noticeably rough ride for cars and cyclists, and I would appreciate repairs being scheduled to address it.",P2 - Moderate,Response - Full Given,30/01/2025,2/03/2025,FIX,John,Nelson
CAS-0519927-Q3D7T4,ROADS,Abandoned Roadworks Equipment,Active,"Abandoned roadworks equipment is left on the shoulder of Great North Road near the Avondale lights in Auckland, creating a hazard for motorists and pedestrians. The items appear unsecured and have been left for several days, reducing space for vehicles and forcing drivers to navigate around them.",P1 - Normal,Case – Closed by Field Staff,26/07/2023,,REQUEST FOR INFORMATION,Chloe,Hill
CAS-2516258-C8M0J8,PARKING,Pay by Plate Machine,Active,"Hello, I tried paying for parking with the Pay by Plate machine on Queen Street near the Sky Tower, but it wouldn’t accept my rego and kept showing an error.",P1 - Normal,Response - Partial Given,23/11/2023,,REQUEST FOR INFORMATION,Jack,Ramirez
CAS-2465271-H5D1O7,ROADS,CCTV Camera,Active,"Mate, the CCTV camera at the Queen Street and Customs Street intersection in Auckland CBD has been offline for days, which makes it hard to monitor incidents and manage traffic properly. It’s a critical safety tool and I’ve got no idea when it’ll be fixed.",P1 - Normal,Declined - Info Doesn't Exist,6/02/2024,,REQUEST FOR INFORMATION,Camila,Campbell
CAS-0627266-G4R7H7,ABOUT AT,PT Webform Request,Resolved,"Urgent: I submitted a PT webform request about a fault at the Queen Street bus stop outside the Britomart Transport Centre in Auckland CBD, but I’ve had no reply yet. The lack of response is causing delays and confusion for commuters trying to use services today.",P1 - Normal,Referred - Auckland Council,15/09/2023,5/10/2023,REQUEST FOR INFORMATION,Luke,Mitchell
CAS-2899491-N7G6J8,FOOTPATH,Footpath,Active,"There's an urgent trip hazard on the footpath outside the Britomart Transport Centre on Queen Street, with loose paving slabs and a sunken section that could cause a fall for pedestrians, especially at night.",P1 - Normal,Referred - Auckland Council,14/11/2023,,REQUEST FOR INFORMATION,Zoey,Roberts
CAS-0750041-E4J0Y7,FOOTPATH,Surface Cleaning,Active,"Frustrated with the footpath along Queen Street near Britomart Transport Centre—the surface cleaning seems to have fallen behind, leaving grime and slippery patches that make walking a hazard. It’s been like this for weeks and it feels unsafe for pedestrians.",P2 - Moderate,Referred – Third party,9/01/2024,,FIX,Jayden,Carter
CAS-0324221-I8G3S6,ROADS,"Clearways, Transit & Bus Lanes",Resolved,"I’m confused why the clearway and bus lane on Albert Street in Auckland CBD is regularly blocked by cars during peak hour, slowing buses down. Could someone explain the enforcement hours and why motorists seem to ignore it near the Britomart Transport Centre?",P1 - Normal,Referred - NZTA,14/06/2024,3/08/2024,REQUEST FOR INFORMATION,Riley,Phillips
CAS-0839852-A8B3O8,ROADS,Surface Flooding,Resolved,"There's surface flooding on Dominion Road in Mt Roskill after the heavy rain, with water pooling across the lanes and cars splashing through it. I'm not sure whether this is a new issue or a recurring problem, and it's unclear when it'll drain away.",P4 - Significant,Response - Full Given,2/01/2024,24/02/2024,FIX,Dylan,Evans
CAS-1976829-E4Q9E4,PARKING,Payment Machines,Active,"Frustrated—the payment machines at the Customs Street East car park by Britomart kept failing to process card and tap payments, so I couldn't pay for my parking.",P1 - Normal,Case - Relogged Incorrect Dimension,15/11/2023,,REQUEST FOR INFORMATION,Lily,Turner
CAS-6605895-K9E1A1,ABOUT AT,PT Webform Request,Resolved,"Kia ora, I’ve recently submitted a PT Webform request about timetable changes affecting services around Britomart Transport Centre and Queen Street in Auckland CBD, but I haven’t received any acknowledgement yet. Could you please confirm receipt and advise when I can expect a response?",P1 - Normal,Referred - Auckland Council,1/08/2025,19/09/2025,REQUEST FOR INFORMATION,Grayson,Torres
CAS-3826173-F4F6S8,ROADS,Driveway Access Application,Resolved,"Urgent: The driveway access application for my property on Ponsonby Road in Grey Lynn has stalled for weeks, leaving us without an approved kerb-cut and forcing residents to reverse onto the busy road. With peak traffic and pedestrians nearby, this delay is creating a safety risk for residents, deliveries, and emergency vehicles.",P1 - Normal,Case – Closed by Field Staff,5/03/2024,8/04/2024,REQUEST FOR INFORMATION,Hannah,Parker
CAS-7602125-E9H9Y6,BUS,Decision/Action,Active,"I'm really confused about the decision to reroute the bus that used to stop on Queen Street by Aotea Square, with no clear notice given. How is this action supposed to help commuters, and what should I do about my daily route now?",P1 - Normal,Response - Full Given,7/09/2025,,REQUEST FOR INFORMATION,Levi,Collins
CAS-1805116-U3W2Q1,WALKING,Pedestrian Access,Resolved,"Hello, I’m writing to raise a pedestrian access issue on the footpath along Queen Street outside the Britomart Transport Centre in Auckland. The paving is uneven and there’s a temporary barrier that narrows the walkway, forcing pedestrians, including those with prams or mobility aids, to use the road.",P1 - Normal,Response - Simplified Given,25/04/2024,24/06/2024,REQUEST FOR INFORMATION,Layla,Edwards
CAS-9041978-S6Q6J4,ROADS,Disruptions & Closures,Active,"Kia ora, there are ongoing disruptions and temporary closures on Dominion Road in Balmoral due to resurfacing works, causing detours for several bus routes and delays during the morning peak.",P1 - Normal,Referred – Third party,24/09/2025,,REQUEST FOR INFORMATION,Isaac,Stewart
CAS-8869762-U2U7N4,ROADS,Damaged Kerb,Active,"That kerb on Victoria Street West, right outside the SkyCity bus stop near the Viaduct, is badly damaged and sticking out, a real trip hazard for pedestrians. It's been like this for weeks and I want it fixed now, not excuses.",P2 - Moderate,Case – Closed by Field Staff,15/12/2023,,FIX,Nora,Flores
CAS-7687685-G1K1F4,ROADS,Traffic lights & Signals,Active,"Hi there, the traffic lights at the intersection of Great North Road and Sandringham Road in Grey Lynn seem to cycle irregularly, causing longer waits during the morning peak. A quick check of the signal timing and detectors would be appreciated to improve flow for local residents and bus routes.",P3 - High,Referred - Auckland Council,20/06/2025,,FIX,Gabriel,Morris
CAS-0319732-D2H5V3,ROADS,Traffic lights & Signals,Resolved,"I'm confused by the traffic lights at the Queen Street and Wellesley Street West intersection in Auckland CBD. The signal cycles feel erratic, with long red phases and sudden changes for no obvious reason, causing delays for vehicles turning off Queen Street.",P4 - Significant,Response - Full Given,14/06/2024,21/06/2024,FIX,Mila,Murphy
CAS-4275649-I4J6E0,BUS,Arrival & Departure Boards,Active,"Mate, the arrival and departure boards at the Henderson Transport Centre keep flashing wrong times and never updating, so I just missed the 8:20 bus to the city because the board showed it due but it had already left.",P1 - Normal,Case - Duplicate,28/03/2025,,REQUEST FOR INFORMATION,Julian,Rivera
CAS-1001426-O1E5W4,CYCLING,Cycling Facilities,Resolved,Cycle facilities on Ponsonby Road near Williamson Avenue are inconsistent; the painted cycle lane ends abruptly at driveways and the raised kerbs at several crossings make riding uncomfortable.,P1 - Normal,Response - Full Given,9/10/2023,10/11/2023,REQUEST FOR INFORMATION,Aubrey,Cook
CAS-7461208-R8I4N6,BUS,Arrival & Departure Boards,Resolved,"Urgent: the arrival and departure boards at the Britomart Transport Centre in Auckland CBD aren’t updating, leaving outdated times on display and causing passengers to miss connections. With peak-hour buses running, this is creating confusion and crowds as people try to read the wrong platforms and times.",P1 - Normal,Case - Merged,20/11/2024,24/12/2024,REQUEST FOR INFORMATION,Mateo,Rogers
CAS-2654972-V4K1K2,ROADS,Removal of Road Signage or Markings,Resolved,"At the intersection of New North Road and Dominion Road in Mt Albert, the stop line and pedestrian crossing markings have been removed, leaving motorists unsure where to stop and pedestrians exposed.",P1 - Normal,Response - Full Given,16/04/2023,14/05/2023,REQUEST FOR INFORMATION,Ellie,Morgan
CAS-1417017-F5M6Z4,ABOUT AT,Report a Problem,Active,"Hi there, I’d like to report a problem at the Dominion Road bus stop near Mount Eden Road in Auckland where the LED timetable display isn’t updating and real-time arrivals aren’t showing. This makes it hard to plan my trip reliably while waiting in the shelter.",P1 - Normal,Referred - Auckland Council,11/03/2024,,REQUEST FOR INFORMATION,Anthony,Peterson
CAS-2985374-J5U7Q0,ROADS,Disruptions & Closures,Active,"Tamaki Drive is closed between Mission Bay and St Heliers for roadworks, and the detours through side streets are turning my commute into a total nightmare.",P1 - Normal,Referred - Auckland Council,5/06/2024,,REQUEST FOR INFORMATION,Addison,Cooper
CAS-4138393-E9K6K9,ABOUT AT,Report a Problem,Resolved,"I'm really confused about the bus service at the Dominion Rd bus stop outside Balmoral School in Auckland. The timetable on the shelter keeps changing and the 5:15pm service didn't show, can someone explain what's going on and get it sorted?",P1 - Normal,Referred - Auckland Council Error,13/10/2023,5/12/2023,REQUEST FOR INFORMATION,Jaxon,Bailey
CAS-9469272-X2M2V8,ROADS,Surface Flooding,Resolved,"Urgent: Surface flooding on Dominion Road near the Balmoral intersection is pooling across the lanes after heavy rain, posing hazards for buses, cyclists and pedestrians.",P3 - High,Referred - Auckland Council,7/01/2025,7/03/2025,FIX,Stella,Reed
CAS-7592640-M1N7S6,ROADS,Surface Cleaning / Spills,Active,"Frustrated to find a greasy spill and a dirty, slippery surface on Great North Road in Grey Lynn near the Dominion Road intersection, with no warning signs or barriers. It's been like this for days and is a real hazard for pedestrians and bus users, especially at peak times.",P2 - Moderate,Referred - NZTA,9/04/2024,,FIX,Lincoln,Kelly
CAS-6213237-D1H0G3,ROADS,Storm water Renewal,Resolved,"Kia ora, I’m contacting you about the stormwater renewal works on Dominion Road in Mt Roskill. The ongoing works have caused surface flooding and frequent lane closures after rain, which is affecting traffic flow and pedestrian safety in the area.",P1 - Normal,Referred - Auckland Council,27/03/2025,7/04/2025,REQUEST FOR INFORMATION,Natalie,Howard
CAS-7967351-B8G2T8,BUS,Route or Schedule Related,Active,"Standing at the bus stop on Ponsonby Road by Western Park, I’m waiting for the 22 but the timetable keeps changing and the bus that arrives isn’t the same route. I’m totally confused about which bus I should take.",P1 - Normal,Response - Full Given,9/08/2025,,REQUEST FOR INFORMATION,Joshua,Kim
CAS-2997960-E9T2F1,ROADS,Congestion & Delays,Resolved,"There's persistent congestion on the Western Motorway (SH16) near the Lincoln Road interchange in Henderson, especially during weekday mornings. This creates regular delays for commuters and buses using the corridor.",P1 - Normal,Referred - NZTA,21/06/2024,2/08/2024,REQUEST FOR INFORMATION,Hazel,Cox
CAS-9143149-W5Z7W2,FOOTPATH,Footpath Surface,Resolved,"Urgent: the footpath surface outside the Britomart Transport Centre on Queen Street in Auckland CBD is badly uneven, with rising slabs creating a trip hazard for pedestrians.",P2 - Moderate,Field Staff Awaiting Assignment,26/09/2025,7/11/2025,FIX,Christopher,Diaz
CAS-0226679-Z9P9E2,TRAIN,Route or Schedule Related,Active,"Kia ora, the 08:15 train from Britomart to Henderson has been consistently late this week. The timetable display at Newmarket Station still shows the 08:25 departure, making it hard to plan my connection.",P1 - Normal,Response - Full Given,4/11/2025,,REQUEST FOR INFORMATION,Violet,Richardson
CAS-5559670-H8K8R7,BUS,Arrival & Departure Boards,Resolved,"I'm at the Britomart Transport Centre on Customs Street East and the arrival and departure boards aren’t updating properly, showing conflicting times. I can't tell which platform the next bus to Takapuna is on, and it's all a bit confusing.",P1 - Normal,Assigned to Case Mgmt team,6/10/2024,29/10/2024,REQUEST FOR INFORMATION,Andrew,Ward
CAS-1791913-A1A8I2,ROADS,CCTV Camera,Active,"Urgent: the CCTV camera on Dominion Road near Morningside is not functioning, leaving a busy arterial unmonitored during peak hour and raising safety concerns.",P1 - Normal,Declined - Info Doesn't Exist,7/02/2023,,REQUEST FOR INFORMATION,Penelope,Brooks
CAS-5027948-L1T0Y8,ROADS,Road Sealing,Active,"Frustrated with the sealed surface on Great North Road, west of Henderson town centre, where the latest seal has broken up with loose chippings and a rough ride. Cars and bikes are shaking when passing that stretch, and the dust from the loose chippings makes it uncomfortable to drive.",P1 - Normal,Assigned to Case Manager?,26/03/2023,,REQUEST FOR INFORMATION,Theodore,Wood
CAS-8345486-Y7G5X9,ROADS,Missing or Damaged sign,Resolved,"On the corner of Dominion Rd and Mt Eden Rd in Mount Eden, the pedestrian crossing sign is missing, which is a real headache during peak hours with kids crossing. Drivers don’t slow down and there’s no warning for pedestrians, making it frustratingly dangerous.",P2 - Moderate,Case – Closed by Field Staff,23/07/2023,15/09/2023,FIX,Luna,James
CAS-1442290-V2W8J2,PARKING,Illegally Parked Vehicle,Active,"Kia ora, there is an illegally parked vehicle blocking the footpath on Victoria Street West near the Britomart Transport Centre in Auckland CBD this morning. Could you advise on the process to have it moved?",P3 - High,Assigned to SME team,17/08/2024,,LET US KNOW,Caleb,Watson
CAS-8636233-T9E9B8,FOOTPATH,Traffic lights & Signals,Resolved,"On the footpath at the intersection of Queen Street and Victoria Street in Auckland CBD, the pedestrian crossing signals seem out of sync with the traffic lights, causing long waits and uncertain crossings for pedestrians.",P3 - High,Problem Solved,26/10/2023,9/12/2023,FIX,Savannah,Bennett
CAS-8729651-N6E4E4,ROADS,Surface Flooding,Active,"Every heavy downpour on Great North Road in Grey Lynn near Williamson Ave turns the street into a waist-high flood, making it unsafe for buses and pedestrians. This recurring surface flooding is not acceptable and needs urgent action.",P3 - High,Referred - Auckland Council Error,14/10/2025,,FIX,Ryan,Gray
CAS-9659820-I9B9I7,BUS,Arrival & Departure Boards,Resolved,"Urgent: the arrival and departure boards at the Britomart Transport Centre aren’t updating in real time, leaving me stuck with stale timetable information and risking missing my bus from Customs Street East.",P1 - Normal,Referred - Auckland Council,25/04/2024,20/05/2024,REQUEST FOR INFORMATION,Brooklyn,Mendoza
CAS-3997573-I3V7K7,BUS,Route or Schedule Related,Active,There's a recurring issue with the Route 90 bus along Broadway in Newmarket where the timetable doesn't match actual arrivals. During the 8:00–8:30am period the service is routinely late by several minutes at the Newmarket Town Centre stop.,P1 - Normal,Customer - No Response,14/05/2024,,REQUEST FOR INFORMATION,Asher,Hughes
CAS-5549447-W0O3G4,ROADS,Driveway Access Application,Active,"I'm a bit confused about the status of my Driveway Access Application for the property on Great North Road in Henderson, and whether it has been logged or approved yet. With no updates coming through, I'm unsure what else I need to provide and why it's taking so long.",P1 - Normal,Response - Full Given,31/08/2024,,REQUEST FOR INFORMATION,Leah,Price
CAS-0695314-T4V1Z7,ROADS,Visibility at Intersection,Active,"Frustrated with the visibility at the Symonds Street and K Road intersection in Auckland CBD, where the sightline is routinely blocked by trees and parked cars. It’s dangerous to pull out during peak hour because oncoming traffic isn’t visible until the last moment.",P1 - Normal,Response - Full Given,11/11/2025,,REQUEST FOR INFORMATION,Nathan,Barnes
CAS-8720744-C7H8M1,HOP,Cancel Card & Transfer Balance,Active,I'm at Britomart Transport Centre and need to cancel my HOP card and transfer the remaining balance to my new card as soon as possible. I rely on daily fares and this issue is urgent because I can't travel until the balance is moved.,P1 - Normal,FCR - First Contact Resolution,25/08/2023,,REQUEST FOR INFORMATION,Zoe,Ross
CAS-3571278-E0L5Q1,ROADS,Temporary Traffic Management,Resolved,"Temporary traffic management is in place on Queen Street in Auckland's CBD, between Victoria Street and Customs Street, with lane closures and a staffed pedestrian detour. The disruption is causing significant delays for bus routes and peak-hour traffic; this needs urgent review.",P1 - Normal,Case – Closed by Field Staff,25/04/2024,27/04/2024,REQUEST FOR INFORMATION,Thomas,Henderson
CAS-5348696-D0N7P9,ROADS,Missing or Damaged sign,Resolved,"There's a missing sign at the corner of Dominion Road and Balmoral Road in Balmoral, Auckland, and I'm unsure what the speed limit is there now. With the sign gone, pedestrians and buses seem to cross as if there are different rules, which feels risky and confusing.",P2 - Moderate,Case – Closed by Field Staff,20/02/2025,26/03/2025,FIX,Skylar,Coleman
CAS-1254320-E9B6K4,PARKING,AT Park,Resolved,"Frustrated, I paid for parking through AT Park but the barrier at the Britomart Precinct car park on Customs Street East won’t lift, leaving me stranded in the CBD. The app then shows a payment error even though the charge went through, so I’m worried I’ll be charged again for the same time.",P1 - Normal,FCR - Insufficient Info From Customer,13/09/2024,29/10/2024,REQUEST FOR INFORMATION,Leo,Jenkins
CAS-3516877-I7V6G0,ROADS,Sealed Road Surface,Resolved,"There's a rough sealed surface on New North Road in Morningside, with patches and edge breaks, and I'm not sure if it's a temporary fix or a longer-term issue.",P2 - Moderate,Referred - Auckland Council,21/02/2025,17/03/2025,FIX,Aurora,Perry
CAS-8712629-W2S4U2,PARKING,Permits,Resolved,"Frustrated, I’ve been trying to renew my parking permit for the Auckland CBD around Albert Street, but the online system keeps rejecting my address. I’m still getting ticketed and can’t park where I’m supposed to while the permit stays pending.",P1 - Normal,Problem Solved,30/05/2023,27/07/2023,REQUEST FOR INFORMATION,Isaiah,Powell
CAS-7940025-J7G5Q8,ROADS,Road Sealing,Active,"Kia ora, I’m writing to report concerns about the road seal on Great North Road in Henderson; the recently sealed section is uneven and rough with loose gravel, making the drive uncomfortable.",P1 - Normal,Referred - NZTA,27/09/2025,,REQUEST FOR INFORMATION,Nova,Long
CAS-7363229-I2Z2I3,FOOTPATH,Traffic lights & Signals,Resolved,"On the footpath outside the Britomart Transport Centre on Queen Street, the pedestrian signals are confusing. Sometimes I press the button and nothing happens, and other times the signal changes to walk with no countdown, leaving me unsure when it's safe to cross.",P4 - Significant,Problem Solved,28/10/2023,29/11/2023,FIX,Charles,Patterson
CAS-2190036-R4V7K3,ROADS,Overgrown Plants & Trees,Resolved,"On the footpath along Dominion Road in Balmoral, the hedges and trees are overgrown and encroaching on the walkway, forcing pedestrians to step onto the road.",P1 - Normal,Referred - Auckland Council Error,27/11/2023,1/12/2023,REQUEST FOR INFORMATION,Emilia,Hughes
CAS-9742770-E1P0H5,BUS,On-board Services,Resolved,"On a bus along New North Road near Kingsland, the on-board Wi-Fi keeps dropping and the USB charging ports don't work, which is really frustrating. That basic on-board service should be reliable, especially during a busy weekday commute.",P1 - Normal,FCR - Insufficient Info From Customer,14/03/2025,12/05/2025,REQUEST FOR INFORMATION,Josiah,Simmons
CAS-0396773-C5F4E0,FOOTPATH,Traffic lights & Signals,Resolved,"On the footpath at the corner of Queen Street and Customs Street in Auckland CBD, the pedestrian traffic signals mis-time and rarely give a reliable walk signal. I end up waiting longer than necessary while traffic still moves, making crossings feel unsafe and frustrating.",P3 - High,Response - Simplified Given,26/10/2025,12/11/2025,FIX,Maya,Foster
CAS-2764336-J4P3V5,PARKING,Pay by Plate Machine,Resolved,"Stuck at the Pay by Plate machine in the Victoria Street West car park in Auckland CBD. The machine won't accept my card and won't register my plate, so I can't complete the payment and I'm fretting about a ticket in this morning rush.",P1 - Normal,Customer - Request Closure,12/08/2025,18/09/2025,REQUEST FOR INFORMATION,Hudson,Butler
CAS-9865797-U1L6Z0,HOP,Cancel Card & Transfer Balance,Resolved,"I'm trying to cancel my HOP card and transfer the remaining balance to a new card, but I can't find the option anywhere. It's all a bit confusing, especially here at the Britomart Transport Centre in Auckland CBD.",P1 - Normal,FCR - First Contact Resolution,15/07/2024,26/08/2024,REQUEST FOR INFORMATION,Willow,Gonzales
CAS-5834254-P0S8Z6,FOOTPATH,Traffic lights & Signals,Resolved,"Kia ora, on the footpath along Queen Street outside Britomart Station, the pedestrian crossing signals seem out of sync, with the red light staying on far longer than the green and the walk phase not triggering promptly, making it awkward to cross safely.",P4 - Significant,Case - Duplicate,5/10/2025,2/11/2025,FIX,Christian,Bryant
CAS-5010273-P5V0T1,ROADS,Damaged or Missing Drain Cover,Active,"There's a damaged drain cover on Symonds Street, just outside the University of Auckland, and it's loose and wobbly when you drive over it. I'm puzzled as to why it's not fixed yet and whether it's safe for pedestrians and cyclists.",P2 - Moderate,Case – Closed by Field Staff,16/09/2025,,FIX,Paisley,Alexander
CAS-6507325-I9A3L7,PARKING,Carpark Building Facilities,Active,"I'm parked in the carpark underneath the Britomart Transport Centre on Customs Street East, and the payment machine won't accept my card. The exit gate won't lift and the lights are flickering, so I'm totally confused about how to exit.",P1 - Normal,Problem Solved,8/11/2025,,REQUEST FOR INFORMATION,Hunter,Russell
CAS-8764570-Y3G7S1,PARKING,Pay by Plate,Active,"I'm parked in the car park on Queen Street near Britomart and the Pay by Plate system isn't recognising my vehicle plate, so I can't pay. Time's running out and I need this sorted urgently to avoid a ticket.",P1 - Normal,Response - Partial Given,14/08/2024,,REQUEST FOR INFORMATION,Everly,Griffin
CAS-8780029-U3X4P6,PARKING,Illegally Parked Vehicle,Resolved,I'm livid—the vehicle illegally parked in the bus lane outside SkyCity on the corner of Queen Street and Victoria Street West in Auckland CBD is blocking traffic and pedestrians. This sort of careless parking can't go unchecked—please ticket or tow it ASAP.,P3 - High,Enforcement – Completed,28/08/2025,12/10/2025,LET US KNOW,Connor,Diaz
CAS-3342698-N7Y4G9,ABOUT AT,Report a Problem,Resolved,Fuming that the 83 bus along Parnell Road outside the Auckland War Memorial Museum still never arrives on time. I waited 20 minutes this morning and the timetable clearly isn’t being followed.,P1 - Normal,Case - Duplicate,16/03/2025,9/05/2025,REQUEST FOR INFORMATION,Caroline,Hamilton
CAS-7575677-S9O3H6,CYCLING,Cycling Facilities,Resolved,"Frustrated with the cycling facilities along Ponsonby Road—the cycle lane is constantly blocked by parked cars and the surface is full of potholes, making it unsafe to ride.",P1 - Normal,Response - Full Given,25/09/2024,30/09/2024,REQUEST FOR INFORMATION,Eli,Graham
CAS-8019899-E6E6I1,ABOUT AT,Staff Conduct,Active,"Outside the Britomart Transport Centre on Customs Street East, I was spoken to in a confrontational and dismissive way by a staff member when I asked for help with my travel card. The staff conduct felt intimidating and unacceptable, and I need this urgent issue reviewed.",P3 - High,Response - Full Given,24/01/2024,,FORMAL COMPLAINT,Naomi,Wallace
CAS-1864045-L3U9H2,ROADS,Sealed Road Surface,Active,"Frustrated with the sealed road surface on New North Road by the Morningside Drive intersection in Grey Lynn—potholes and rough patches are turning every trip into a bumpy, unsafe ride.",P2 - Moderate,Referred - Auckland Council,24/03/2025,,FIX,Ezra,Murray
CAS-9150087-L0F9Q9,PARKING,AT Park,Active,"Absolutely livid with AT Park at the Albert Street car park in Auckland CBD—the payment machine swallowed my card and the kiosk wouldn’t issue a ticket, and the app won’t connect to sort it out.",P1 - Normal,Response - Simplified Given,7/06/2025,,REQUEST FOR INFORMATION,Aaliyah,Woods
CAS-6084026-Q9Q6X0,FINES & INFRINGEMENTS,Parking Infringements,Active,"Urgent: I’ve just received a parking infringement ticket on Queen Street, Auckland CBD, near the Sky Tower. I was within my paid time and there were no obvious signs indicating restrictions at that spot.",P2 - Moderate,Response - Full Given,23/10/2025,,DISPUTE,Aaron,Cole
CAS-5914557-Z7B6F1,ABOUT AT,External Referral,Active,"I'm livid that my external referral about the faulty accessibility ramp at Akoranga Busway Station hasn't moved in over two weeks, leaving me stuck trying to catch buses at peak times.",P1 - Normal,Referred - Watercare,1/05/2024,,REQUEST FOR INFORMATION,Kinsley,West
CAS-6204360-R1I3M4,FOOTPATH,Footpath Surface,Resolved,"Frustrated with the footpath surface on Queen Street outside the Britomart Transport Centre in central Auckland, where loose pavers and cracks are a constant trip hazard for pedestrians.",P2 - Moderate,Response - Partial Given,5/07/2023,18/07/2023,FIX,Landon,Jordan
CAS-6266421-V0T0B0,ROADS,Traffic Signals & Electronic Signs,Active,"Urgent: The traffic lights at the intersection of Great North Road and Ponsonby Road in Auckland are malfunctioning, with the signals stuck on green and the electronic signs not updating travel times. This is causing long queues and several near-misses for pedestrians and buses in the Ponsonby/CBD corridor during peak hour.",P1 - Normal,Referred - NZTA,16/08/2023,,REQUEST FOR INFORMATION,Quinn,Owens
CAS-6594781-N7X4H2,ROADS,WorkSafe Hotline,Resolved,"There's a serious safety issue on the footpath at the corner of Queen Street and Mayoral Drive in central Auckland, where loose pavers and a protruding grate create a trip hazard for pedestrians. I've reported it to the WorkSafe Hotline and it needs urgent attention from the roads team.",P1 - Normal,Response - Full Given,12/09/2025,25/09/2025,REQUEST FOR INFORMATION,Adrian,Reynolds
CAS-0093167-S7B4A2,ROADS,Missing or Damaged sign,Resolved,"Frustrated to find a missing Pedestrian Crossing sign on Symonds Street outside the University of Auckland, leaving pedestrians crossing blind in peak traffic.",P2 - Moderate,Case – Closed by Field Staff,18/01/2023,21/01/2023,FIX,Ruby,Fisher
CAS-9888881-Q1T9G5,BUS,Route or Schedule Related,Active,"I’m at the Britomart Transport Centre and I’m really confused about Route 1 today. The 8:15am bus to Henderson didn’t arrive and the next one wasn’t due for another half hour, which would make me late for work.",P1 - Normal,FCR - First Contact Resolution,12/09/2023,,REQUEST FOR INFORMATION,Jonathan,Ortiz
CAS-6761667-J0O0G8,ROADS,Disruptions & Closures,Resolved,"There's ongoing disruptions and road closures on Dominion Road between Balmoral Road and Mt Eden Road due to resurfacing works, causing delays for bus services and local traffic in the area.",P1 - Normal,Referred – Third party,3/05/2024,25/05/2024,REQUEST FOR INFORMATION,Serenity,Montgomery
CAS-4868725-U1V4X4,ROADS,Damaged or Missing Drain Cover,Resolved,"There's a damaged drain cover on Ponsonby Road near Grey Lynn Park, and it's a real hazard for pedestrians and cyclists.",P2 - Moderate,Response - Full Given,3/05/2024,15/06/2024,FIX,Nolan,Ramos
CAS-2635825-J9F1V4,ROADS,Road Sweeping,Active,"Absolutely furious that the road sweeping along Queen Street near Britomart hasn't happened for weeks—grit, leaves and rubbish are piling up and it's a hazard for drivers and cyclists. This P1 - Normal priority is not acceptable; please dispatch crews today and publish a clear timetable for that stretch so residents know when it will be cleaned.",P1 - Normal,Referred - Auckland Council,6/11/2023,,REQUEST FOR INFORMATION,Genesis,Gomez
CAS-2151104-N1U3B1,ROADS,Road Surface,Resolved,"On Dominion Road near Balmoral Road in Auckland, the road surface is full of potholes and rough patches that wreck tyres and shake the car every time I drive along it. It’s been like this for weeks and it’s not acceptable for a major arterial road.",P2 - Moderate,Case - Duplicate,1/04/2023,19/04/2023,FIX,Jeremiah,Marshall
CAS-6134643-K7J3U6,BUS,Crashes and Incidents,Resolved,"On the bus along Symonds Street, just past the Auckland Domain, there was a sharp jolt and a loud crash. I'm really confused about what happened and whether another vehicle was involved or if it was a brake fault, and what safety checks will be done.",P3 - High,Assigned to SME team,12/09/2025,13/10/2025,FIX,Clara,Shaw
CAS-3031759-W1N3Z3,ROADS,Driveway Visibility,Resolved,"I'm furious about the driveway visibility at my property on Great North Road in Henderson. Vehicles pulling out onto the road can't be seen until the last moment, turning every exit from our driveway into a dangerous near-miss.",P1 - Normal,Response - Simplified Given,19/06/2024,7/08/2024,REQUEST FOR INFORMATION,Easton,Snyder
CAS-9272077-O1R4E2,ROADS,WorkSafe Hotline,Resolved,"Urgent: there’s an unguarded trench and unsecured equipment at the Dominion Road and New North Road intersection in Morningside, Auckland, posing a serious risk to motorists and pedestrians. I’ve reported this to the WorkSafe Hotline and need an immediate safety inspection and proper barricading.",P1 - Normal,Problem Solved,10/04/2024,27/04/2024,REQUEST FOR INFORMATION,Elena,Vasquez
CAS-3425022-C5H2D1,PARKING,AT Park App,Active,"Hi there, I tried to start a parking session using the AT Park app at Princes Wharf near Quay Street in Auckland CBD, but the app wouldn’t recognise my location. It kept freezing and I couldn’t complete the payment.",P1 - Normal,FCR - First Contact Resolution,18/05/2023,,REQUEST FOR INFORMATION,Elias,Daniels
CAS-3491010-E1D1F1,FOOTPATH,Footpath Surface,Resolved,"Mate, the footpath surface on Queen Street outside Britomart is buckled and broken, with loose pavers and sharp edges that are a real trip hazard. As a regular pedestrian, I’m sick of this P2 moderate issue being ignored and left in this state.",P2 - Moderate,Customer - No Response,4/08/2023,30/08/2023,FIX,Madelyn,Boyd
CAS-6336912-R3L5J1,PARKING,Permits,Resolved,"Urgent: my parking permits for Hobson Street in Auckland CBD aren’t being recognised at the car park near my workplace, and I’m facing fines if I can’t park today. Please sort this out quickly—this is a daily issue that’s making my commute a nightmare.",P1 - Normal,Response - Partial Given,23/03/2024,17/04/2024,REQUEST FOR INFORMATION,Colton,Grant
CAS-5170091-Z7I1H3,ROADS,Traffic lights & Signals,Resolved,"At the intersection of Queen Street and Victoria Street West in Auckland CBD, the traffic lights appear out of sync, causing long delays and erratic signal changes during peak hours.",P3 - High,Response - Simplified Given,11/01/2023,21/02/2023,FIX,Rylee,Holmes
CAS-0994779-O8F2H4,ROADS,Insurance Process & Claims,Active,"Fuming after filing an insurance claim for damage from a pothole near Dominion Road in Balmoral, Auckland, I expected a straightforward process but it's dragged on for weeks. Endless form requests, repeated reassessments, and no clear timeline from the insurer have left me stuck and furious.",P1 - Normal,Referred - Auckland Council,23/11/2024,,REQUEST FOR INFORMATION,Cameron,Rice
CAS-2898074-O8T7T6,BUS,Facilities,Active,"I'm waiting at the Britomart bus stop on Customs Street East in Auckland, and the shelter is leaking and the seating is broken. I'm confused why there's no timetable display or information about when the next bus is due.",P1 - Normal,Response - Full Given,11/06/2025,,REQUEST FOR INFORMATION,Kennedy,Olson
CAS-5405816-Y4O7X8,PARKING,Carpark Payments,Resolved,"Fuming about the pay-by-plate machine at the Albert Street Car Park in Auckland CBD—the terminal keeps rejecting my card and won’t log my payment, leaving me with an unregistered charge.",P1 - Normal,Response - Partial Given,27/03/2024,7/04/2024,REQUEST FOR INFORMATION,Carson,Stone
CAS-6060152-E0B8U0,TOTAL MOBILITY,Application verification,Active,"While at Britomart Transport Centre, the Total Mobility app won't verify my eligibility and keeps showing a verification error, preventing me from booking essential trips. This is urgent as I rely on the service to get to work and medical appointments today.",P1 - Normal,FCR - First Contact Resolution,5/08/2024,,REQUEST FOR INFORMATION,Autumn,Meyer
CAS-1632668-K8Q9C3,BUS,Facilities,Active,"Urgent: the bus stop shelter on Dominion Road outside the Balmoral Shops is leaking heavily in rain, with a cracked seat and non-working lighting, making it unsafe to wait for buses.",P1 - Normal,Case - Duplicate,21/09/2023,,REQUEST FOR INFORMATION,Robert,Wagner
CAS-0654369-J1I2Y3,ABOUT AT,PT Webform Request,Resolved,Absolutely fuming—the PT webform request I submitted from outside the University of Auckland on Symonds Street keeps timing out and I’m not getting any acknowledgement. It’s been days with no response.,P1 - Normal,FCR - Insufficient Info From Customer,20/10/2025,12/11/2025,REQUEST FOR INFORMATION,Eva,Warren
CAS-1071371-Q0U6C9,PARKING,Illegally Parked Vehicle,Resolved,There's an illegally parked vehicle blocking kerbside access on Albert Street near the Britomart Transport Centre in central Auckland. It’s affecting other road users and pedestrians and should be ticketed or relocated.,P3 - High,Declined - Criteria Not Met,12/01/2023,11/02/2023,LET US KNOW,Angel,Schmidt
CAS-5891090-S6Z8C0,ROADS,Road Markings,Resolved,"Faded road markings on Ponsonby Road near the Jervois Road intersection are barely visible, making lane positioning and turning decisions a nightmare during peak hour. With buses and cyclists about, the missing or unclear lane arrows and edge lines feel dangerous and totally frustrating.",P1 - Normal,Response - Full Given,19/08/2024,17/10/2024,REQUEST FOR INFORMATION,Lucy,Hunt
CAS-9088161-J3M2R2,ROADS,Damaged or Missing Drain Cover,Resolved,"Urgent: A damaged drain cover is missing on Symonds Street outside Auckland City Hospital in Grafton, creating a serious trip hazard for pedestrians and cyclists.",P2 - Moderate,Case – Closed by Field Staff,5/04/2025,9/05/2025,FIX,Maverick,Palmer
CAS-1043546-A1U7J9,ROADS,Street Name Sign,Resolved,"Frustrated that the street name sign at the corner of Queen Street and Shortland Street in Auckland CBD is missing and unreadable. This makes deliveries and visitors wander around trying to find the right way, especially during peak hours and after dark.",P1 - Normal,Response - Full Given,21/11/2023,28/12/2023,REQUEST FOR INFORMATION,Ivy,Perkins
CAS-0489372-Y0K2R8,ROADS,Abandoned Roadworks Equipment,Active,"I'm puzzled by the abandoned roadworks equipment on New North Road near Mt Albert, with cones and a digger left sitting on the footpath. There's no signage explaining what work is continuing or when it will be cleared, so I don't know who to contact.",P1 - Normal,Case – Closed by Field Staff,11/02/2025,,REQUEST FOR INFORMATION,Nicholas,Garrett
CAS-1048281-B1Q4R7,PARKING,AT Park,Active,"On Albert Street in the Auckland CBD, I parked in the AT Park car park near the Sky Tower and tried to pay at the kiosk, but it wouldn’t accept my card. Please investigate the charge for that visit and advise how to resolve the payment issue.",P1 - Normal,Response - Full Given,8/02/2025,,REQUEST FOR INFORMATION,Liliana,Lawson
CAS-6179820-R3Q0W7,ROADS,WorkSafe Hotline,Active,I'm a bit confused why the WorkSafe Hotline is involved with the roadworks on Karangahape Road near the Newton Road intersection. The signage keeps changing and I can't tell who to contact if I have safety concerns.,P1 - Normal,Response - Full Given,31/07/2025,,REQUEST FOR INFORMATION,Dominic,Hanson
CAS-0276255-T3E1E3,PARKING,Pay by Plate,Active,"I'm parked in the Albert Street car park near the Town Hall in Auckland CBD and tried to pay by plate, but the machine won't recognise my plate number. 
Every time I enter it just shows an error and takes me back to the start, so I'm left confused about how Pay by Plate is supposed to work.",P1 - Normal,Problem Solved,21/03/2025,,REQUEST FOR INFORMATION,Emery,Fields
CAS-7419328-N5G5J9,ROADS,Disruptions & Closures,Resolved,Frustrated and angry about the ongoing closure on Dominion Road at the Three Kings intersection; the detours are chaotic and my morning commute is turning into gridlock with delayed buses. There was no clear notice about the disruption and the detour signs are poorly placed—this has to stop.,P1 - Normal,Response - Full Given,18/05/2025,3/07/2025,REQUEST FOR INFORMATION,Adam,Willis
CAS-3162673-J3X4X1,ABOUT AT,External Referral,Active,"I'm frustrated that after an external referral for my bus service issue, the AT helpdesk on Queen Street in Auckland CBD promised follow-up and never got back. Weeks later there's still no contact from the external provider, leaving me stuck planning trips around Mount Eden with unreliable services.",P1 - Normal,Referred – Third party,26/08/2023,,REQUEST FOR INFORMATION,Valentina,Cunningham
CAS-7942851-D9U0N7,PARKING,Enforcement,Resolved,"Kia ora, I parked in the Albert Street car park near the Sky Tower in central Auckland and paid for the time I needed via the Pay & Display app. When I returned, there was an enforcement notice on my car, which I believe is in error.",P1 - Normal,Problem Solved,8/07/2023,25/07/2023,REQUEST FOR INFORMATION,Jax,Ruiz
CAS-4921547-D5B8F9,BUS,Crashes and Incidents,Active,Absolutely furious about the number of crashes involving the bus on the Dominion Road and Mt Eden Road intersection in Balmoral; this is happening far too often and it's putting passengers at risk. The repeated near-misses and delays are unacceptable—something must be done urgently before someone is seriously hurt.,P4 - Significant,Assigned to SME team,24/03/2024,,FIX,Alice,Gibson
CAS-4017512-M8X3J9,PARKING,Illegally Parked Vehicle,Active,"An illegally parked vehicle is blocking the bus stop area on Fanshawe Street near Wynyard Quarter in Auckland CBD, making it difficult for buses and pedestrians to pass.",P3 - High,Assigned to SME team,23/03/2023,,LET US KNOW,Greyson,Ellis
CAS-5646213-A5X0M5,PARKING,Carpark Payments,Active,"Urgent: The payment terminal at the Victoria Street West car park in Auckland CBD won’t process card payments, so I can’t complete my parking payment. I’m worried I’ll get ticketed while this issue is unresolved.",P1 - Normal,Problem Solved,4/07/2024,,REQUEST FOR INFORMATION,Hailey,Romero
CAS-2161747-W8T2L8,HOP,Missing Tag,Resolved,"At the Symonds Street bus stop near the University of Auckland this morning, my HOP tag didn’t register when I boarded, so I rode without tapping. This is really frustrating—please sort this out so my balance and trips aren’t impacted.",P1 - Normal,Case - Merged,16/07/2023,8/08/2023,REQUEST FOR INFORMATION,Ian,Johnston
CAS-0279031-Q2L0E9,ROADS,Surface Cleaning / Spills,Active,"Frustrated to see a sizeable oil spill on Dominion Road outside the Balmoral shops, and it looks like no proper surface cleaning has been done for hours. There are no warning cones or barriers, leaving the footpath and road dangerously slick for pedestrians and motorists.",P2 - Moderate,Case – Closed by Field Staff,28/06/2025,,FIX,Sadie,Porter
CAS-1942507-C4H1R9,FOOTPATH,Repair Not Up To Standard,Resolved,"I'm frustrated that the footpath outside the AUT City Campus on Wellesley Street East has a repaired section that’s uneven and already lifting, creating a trip hazard for pedestrians.",P1 - Normal,Referred – Third party,11/07/2023,13/07/2023,REQUEST FOR INFORMATION,Austin,Chavez
CAS-8162467-D1A2N4,ABOUT AT,Staff Conduct,Resolved,"Late this afternoon at the Britomart Transport Centre, a staff member refused to help with my AT HOP card and snapped at me when I asked for directions, which felt rude and totally unprofessional. This kind of behaviour in a busy Auckland hub left me frustrated and stranded.",P4 - Significant,Response - Full Given,3/11/2025,12/11/2025,FORMAL COMPLAINT,Gabriella,Matthews
CAS-6837423-D2P1H9,PARKING,CCTV Camera,Active,"While parked in the car park on Queen Street near Aotea Square in Auckland, I'm a bit confused because the CCTV camera seems to flicker and I can't tell if it recorded my car. Could you confirm whether the camera captured vehicles in that bay around the time I was parked?",P1 - Normal,Case - Duplicate,26/05/2025,,REQUEST FOR INFORMATION,Kai,Mcdaniel
CAS-5417138-S1O6T7,WALKING,Bridge,Active,"There's a damaged section on the footbridge near the Britomart Transport Centre off Albert Street in Auckland CBD, with loose boards and a wobbly railing. It's unsafe for pedestrians, particularly during busy periods.",P1 - Normal,Response - Simplified Given,13/05/2025,,REQUEST FOR INFORMATION,Josephine,Kelley
CAS-5087712-A4F6S0,ROADS,Reduce Speed,Resolved,"Absolutely furious about the sudden speed reduction on Dominion Road near Balmoral in Auckland—the 30km/h limit is badly signed and is snarling traffic, causing near misses and daily delays.",P1 - Normal,Case – Closed by Field Staff,24/10/2024,1/12/2024,REQUEST FOR INFORMATION,Jose,Elliott
CAS-2380459-S8H7K6,BUS,Crashes and Incidents,Active,"Fuming about the constant crashes on the bus route along Dominion Road near Balmoral. Today a bus nearly slammed into a parked car at the New North Road intersection, and that is totally unacceptable for passenger safety.",P4 - Significant,Assigned to SME team,15/08/2025,,FIX,Peyton,Gutierrez
CAS-9048823-V9X9T6,WALKING,Walkway,Resolved,"Hi there, I’d like to report a safety issue on the footpath along Tamaki Drive by Mission Bay. The surface is cracked with uneven sections and a few loose pavers that could trip pedestrians, particularly in wet conditions.",P1 - Normal,Customer - No Response,29/01/2025,27/03/2025,REQUEST FOR INFORMATION,Axel,Day
CAS-6269449-Y2V8O3,PARKING,Pay by Plate Machine,Resolved,"Urgent: the Pay by Plate machine at the Albert Street car park near Britomart isn't accepting payments, so I can't start a parking session and risk a ticket this morning.",P1 - Normal,Response - Partial Given,25/11/2024,23/01/2025,REQUEST FOR INFORMATION,Adeline,Stephens
CAS-1037345-K4C8M0,BUS,Arrival & Departure Boards,Active,"Frustrated with the arrivals and departures board at the Britomart Transport Centre on Wellesley Street East—the screen hasn't updated, so I waited in the CBD for a bus that never appeared on the board. This keeps happening and makes catching services from central Auckland a nightmare.",P1 - Normal,Case - Merged,26/12/2023,,REQUEST FOR INFORMATION,Evan,Alvarez
CAS-5873252-H5Q6C7,BUS,Crashes and Incidents,Active,"While on the bus at the corner of Queen Street and Customs Street in central Auckland, there was a crash with another vehicle and I’m totally confused about what happened. Could someone explain the cause and what’s going to happen with the service next?",P3 - High,Customer - No Response,7/08/2024,,FIX,Eliana,Henry
CAS-7659016-Y3W6Q2,ROADS,Surface Flooding,Resolved,Surface flooding on Dominion Road near the Balmoral Road intersection has water pooling across the carriageway after rain. This is affecting both traffic flow and pedestrian access around the Balmoral shops.,P4 - Significant,Referred - Auckland Council,25/09/2023,21/11/2023,FIX,Miles,Armstrong
CAS-3839097-J7C5P5,BUS,On-board Services,Active,"On a city-bound bus travelling down Queen Street past Aotea Square, the on-board Wi‑Fi and USB charging ports were not working. The lack of these services was noticeable for passengers during a crowded ride.",P1 - Normal,FCR - First Contact Resolution,16/02/2023,,REQUEST FOR INFORMATION,Allison,Payne
CAS-8768977-N3P9D7,ABOUT AT,PT Webform Request,Active,"Kia ora, I tried submitting a PT webform from near Newmarket Station about a timetable change, but the submission wouldn’t go through and the page kept refreshing. Could you please investigate the form issue for Auckland users in that area so I can get my request lodged properly?",P1 - Normal,Email - Spam,28/03/2024,,REQUEST FOR INFORMATION,Jason,Morales
CAS-7845051-Z3U6S8,PARKING,CCTV Camera,Active,"At the Britomart Transport Centre car park in Auckland, the CCTV camera covering the entry and exit lanes seems to be malfunctioning, leaving blind spots in the footage. This makes it difficult to review incidents or identify vehicles if something occurs in the car park.",P1 - Normal,Declined - Legislation,15/08/2023,,REQUEST FOR INFORMATION,Melody,George
CAS-5218535-Z6Y2V5,FOOTPATH,Overgrown Plants & Trees,Active,"On Sandringham Road West in Mt Albert, the footpath is blocked by overgrown plants and trees, encroaching on the walkway and forcing pedestrians to step onto the road. This is a safety hazard and needs urgent attention to trim back the vegetation.",P1 - Normal,Referred - Auckland Council,11/07/2023,,REQUEST FOR INFORMATION,Silas,Ray
CAS-4443758-M9E3O6,CYCLING,Bike Racks,Resolved,"Frustrated with the bike racks outside the Britomart Transport Centre on Customs Street East in Auckland — they're often full and a few are loose, risking my bike getting damaged or stolen. The racks along Queen Street near Albert Street are poorly spaced and frequently unavailable, making it a nightmare to lock up securely during peak times.",P1 - Normal,Case - Duplicate,7/01/2023,26/02/2023,REQUEST FOR INFORMATION,Julia,Dunn
CAS-7841383-P8N5M4,PARKING,Carpark Payments,Resolved,"I'm trying to pay for parking at the Britomart car park on Customs Street East, but the payment terminal kept rejecting my EFTPOS card. I'd appreciate guidance on resolving this quickly so I’m not charged penalties on my next visit.",P1 - Normal,Response - Full Given,13/04/2025,31/05/2025,REQUEST FOR INFORMATION,Weston,Chapman
CAS-5175660-M5N6I8,ABOUT AT,Report a Problem,Active,Bloody furious with the bus service around Britomart—the Queen Street stop by the Britomart Transport Centre is always late and there’s no timetable posted. The shelter leaks in the rain and the whole thing is falling apart.,P1 - Normal,Case - Duplicate,22/10/2023,,REQUEST FOR INFORMATION,Cora,Ferguson
CAS-5632018-I4F8F0,PARKING,Parking Charges & Payments,Resolved,"Extremely angry about being charged for parking at the Queen Street car park near Britomart. The app kept saying payment failed, I tried again and ended up with a double charge and no clear way to get it fixed.",P1 - Normal,Response - Full Given,17/05/2025,17/06/2025,REQUEST FOR INFORMATION,Rowan,Mills
CAS-0514818-U5P3V7,ROADS,CCTV Camera,Active,"I'm a bit confused about the CCTV camera at the corner of Karangahape Road and Symonds Street in central Auckland—it keeps flickering and sometimes goes blank, and I can't tell if it's actually recording. Could you confirm whether it's functional and if there are any maintenance issues?",P1 - Normal,Response - Full Given,28/09/2024,,REQUEST FOR INFORMATION,Piper,Harrison
CAS-7759692-H2E4M6,PARKING,AT Park,Resolved,"Hi there, I tried using AT Park at the Britomart Transport Centre car park on Customs Street East in Auckland CBD, but the app wouldn’t start my session when I parked. Could you please look into the charges for that visit, as I ended up paying for time I didn’t use?",P1 - Normal,Response - Simplified Given,2/08/2023,28/08/2023,REQUEST FOR INFORMATION,Micah,Hawkins
CAS-4954686-U9M7Y2,ROADS,Surface Cleaning / Spills,Active,"Kia ora, there’s a slick spill on the surface outside the Britomart Transport Centre on Customs Street East near the ferry terminal. It’s a slip hazard for pedestrians and cyclists, and I’d appreciate a quick clean-up to prevent an incident.",P2 - Moderate,Referred - Auckland Council,1/10/2023,,FIX,Taylor,Daniels
CAS-4297324-G2O4Q4,ROADS,Temporary Traffic Management,Active,"I'm livid about the temporary traffic management on Dominion Road in Balmoral, where the lane closures and cones during peak hour have turned my commute into a crawl. The signage is unclear and the detours feel slapped together, making it hard to know where to turn and wrecking bus timetables along the Dominion Road corridor.",P1 - Normal,Case – Closed by Field Staff,6/04/2025,,REQUEST FOR INFORMATION,Parker,Bishop
CAS-7072898-M5C4V6,PARKING,Parking Restrictions,Active,"Frustrated, I spend ages circling the block outside Victoria Park Market on Victoria Street West in Auckland's CBD because the parking restrictions flip between 2-hour bays and no-stopping during office hours, and there’s never a legal space when I need to pop in.",P1 - Normal,Response - Full Given,7/11/2024,,REQUEST FOR INFORMATION,Hadley,Spencer
CAS-3091896-C7T2L9,PARKING,Illegally Parked Vehicle,Resolved,"An illegally parked vehicle on Victoria Street West outside the Britomart Transport Centre is in a no-stopping zone, blocking access for deliveries and interfering with bus stops in the CBD. This is causing disruption to traffic flow in the area.",P3 - High,Assigned to SME team,28/03/2023,25/05/2023,LET US KNOW,Brandon,Montgomery
CAS-8403994-F5O5B6,BUS,Bus Stop Sign,Active,"On the bus stop outside the Balmoral Shops along Dominion Road in Mount Roskill, the sign's been missing for weeks and it's a joke. I nearly missed the bus today in the rain because I couldn't tell when it was due—this is unsafe and needs fixing now.",P1 - Normal,FCR - First Contact Resolution,23/09/2023,,REQUEST FOR INFORMATION,Jasmine,Warren
CAS-2779072-W7Q8G5,BUS,Lost Property,Active,"Frustrated here — I left my black backpack on the 8:15am bus from Mt Eden Village and it was last seen on the back seat near Aotea Square. I’ve checked with Britomart and the depot, but nothing has turned up yet.",P1 - Normal,FCR - First Contact Resolution,10/09/2024,,REQUEST FOR INFORMATION,Kevin,Castillo
CAS-1370499-K7H8T6,PARKING,Pay by Plate Machine,Resolved,"That Pay by Plate machine on Queen Street near the Sky Tower in Auckland CBD won't accept my plate and keeps swallowing my card, leaving me unsure if I’ve actually paid. I’ve ended up with a parking ticket anyway and I’m livid.",P1 - Normal,Response - Full Given,24/08/2025,5/10/2025,REQUEST FOR INFORMATION,Reagan,Fox
CAS-5546915-S1B5C9,ROADS,Road Surface,Active,Frustrated with the road surface on New North Road in Mount Albert near the St Lukes intersection—the potholes and uneven patches are constant and make the car shake every time I drive through.,P2 - Moderate,Response - Full Given,18/11/2024,,FIX,Luis,Medina
CAS-5150934-G1F8C2,ROADS,Traffic lights & Signals,Resolved,"Kia ora, at the Dominion Rd and New North Rd intersection in Balmoral the traffic lights seem mis-timed during the evenings, causing significant delays and congestion for motorists.",P4 - Significant,Referred – Third party,11/05/2023,2/07/2023,FIX,Isla,Lee
CAS-7566823-F5O9V1,ROADS,Disruptions & Closures,Active,There's been ongoing disruptions and a closure on Karangahape Road (K Road) near Symonds Street due to essential road works. Detours through Newton and the CBD are causing significant delays during peak times.,P1 - Normal,Response - Full Given,12/03/2023,,REQUEST FOR INFORMATION,Xavier,Reid
CAS-6721475-P7F2K8,ROADS,Abandoned Roadworks Equipment,Resolved,"Urgent safety issue: An excavator and cones have been left abandoned on Dominion Road in Auckland near Balmoral, blocking the footpath and cycle lane and posing a hazard to pedestrians and cyclists.",P1 - Normal,Referred - Auckland Council Error,17/07/2023,31/07/2023,REQUEST FOR INFORMATION,Willow,Nguyen
CAS-3428607-V6E5G7,PARKING,Carpark Payments,Resolved,"Stuck at the Britomart Car Park on Customs Street East in Auckland CBD. The payment kiosk won’t accept my card or contactless tap, and I’m worried I’ll get charged or fined as the time keeps ticking away.",P1 - Normal,Response - Simplified Given,2/03/2024,27/04/2024,REQUEST FOR INFORMATION,Ezekiel,Hart
CAS-1867261-K4W6X9,FOOTPATH,Footpath,Active,"Hi there, please could you check the footpath along Queen Street outside the Auckland Town Hall in the CBD, where uneven paving and a raised edge create a trip hazard for pedestrians.",P1 - Normal,Response - Full Given,3/09/2025,,REQUEST FOR INFORMATION,Khloe,Murray
CAS-5087867-L9K8D8,BUS,Bus Stop Sign,Resolved,"I'm frustrated that the bus stop sign on Dominion Road near the Mt Albert Road intersection in Auckland is faded and unreadable, so I can't tell which bus is due and keep missing services at peak hour.",P1 - Normal,FCR - First Contact Resolution,29/10/2024,24/11/2024,REQUEST FOR INFORMATION,Bryson,Simpson
CAS-9659153-A6D6S7,PARKING,Permits,Resolved,"Absolutely fuming—the parking permits I paid for to use the Victoria Street West area in the Auckland CBD won’t activate in the bays around Commercial Bay, and I’m getting tickets every day. This has to be sorted now, or give me a refund, because the system is failing at the worst possible time.",P1 - Normal,Response - Full Given,8/09/2024,15/09/2024,REQUEST FOR INFORMATION,Lydia,Ford
CAS-2020996-K2H5B9,ABOUT AT,HOP Webform Request,Resolved,"While waiting at the bus stop on Karangahape Road near SkyCity, I tried to submit a HOP Webform request but the page wouldn’t load. Could you please advise how I can proceed with the submission?",P1 - Normal,Case - Merged,26/10/2023,2/12/2023,REQUEST FOR INFORMATION,Ayden,Knight
CAS-4676748-T8G9E0,BUS,Crashes and Incidents,Active,Another bus crash near the corner of Dominion Road and New North Road in Balmoral this morning disrupted services and left passengers waiting in the cold. It's frustrating to see the same route plagued by incidents with little sign of action to improve safety or reliability.,P4 - Significant,FCR - First Contact Resolution,23/12/2023,,FIX,Jade,Gilbert
CAS-3593664-N9Y0B4,WALKING,Pedestrian Access,Resolved,"Urgent: the footpath along Queen Street outside the Britomart Transport Centre is blocked by uneven paving and temporary barriers, forcing pedestrians to step into the road. This creates a daily safety risk for commuters, especially during peak hours.",P1 - Normal,Case - Duplicate,22/08/2023,15/09/2023,REQUEST FOR INFORMATION,Jace,Pierce
CAS-1659403-B9Y7U6,ROADS,Congestion & Delays,Resolved,"There's persistent congestion and delays on the Auckland Harbour Bridge approaches (SH1) during weekday peak hours, leading to noticeably longer travel times into the CBD. The bottlenecks also affect trips from the North Shore, making routine commutes and deliveries unreliable during peak periods.",P1 - Normal,Referred - NZTA,12/09/2024,16/10/2024,REQUEST FOR INFORMATION,Rose,Franklin
CAS-4637893-G4R9L9,WALKING,Temporary Traffic Management,Active,"Kia ora, while walking along Queen Street near the Britomart Transport Centre this morning, the temporary traffic management left little safe passage for pedestrians with unclear detours. There were few signs and many cones, which felt risky for people with prams or mobility aids.",P1 - Normal,Referred - Auckland Council,5/01/2025,,REQUEST FOR INFORMATION,Mason,Meyer
CAS-3635826-L9J9L3,FOOTPATH,Repair Not Up To Standard,Active,"Hello, the footpath outside the Britomart Transport Centre on Customs Street East remains uneven after the recent repair, with loose pavers and a raised lip that could trip pedestrians. Could this area be re-inspected and brought up to standard to ensure safe passage for pedestrians?",P1 - Normal,Referred – Third party,1/05/2025,,REQUEST FOR INFORMATION,Arya,Welch
CAS-4418686-O1X7S0,WALKING,Benches & Seating,Resolved,"Mate, there are virtually no usable benches along Customs Street East outside Britomart Station, and the seats that are there are broken or missing—walking into the city has become a real pain.",P1 - Normal,Referred - Auckland Council Error,2/09/2025,20/09/2025,REQUEST FOR INFORMATION,Logan,Wagner
CAS-4888784-V3N5I9,CYCLING,Cycleway Markings,Active,"Hi there, I ride the cycleway along Tamaki Drive between Mission Bay and St Heliers and the markings are faded and inconsistently spaced, which makes it hard to follow the lane in peak traffic. Could you please arrange maintenance or repainting to improve visibility and safety for cyclists?",P1 - Normal,Field Staff Awaiting Assignment,12/12/2023,,REQUEST FOR INFORMATION,Riley,Woods
CAS-7563630-M1U0G8,ABOUT AT,Report a Problem,Active,"I'm at the bus stop on Dominion Road near Balmoral in Mt Eden, and the 22A bus hasn't arrived again. The timetable board isn't updating and I'm confused about whether it's late or cancelled.",P1 - Normal,FCR - First Contact Resolution,18/06/2024,,REQUEST FOR INFORMATION,Jackson,Larson
CAS-5337188-E4B9P8,PARKING,AT Park,Active,"Fuming after my experience at AT Park on Queen Street in the CBD near Britomart—the exit barrier jammed and the app wouldn’t load, so I couldn’t get out and I’ve still been charged. This is an absolute joke and I want this sorted now.",P1 - Normal,Case - Duplicate,22/08/2023,,REQUEST FOR INFORMATION,Athena,Hoffman
CAS-2938611-I4Y9A8,PARKING,Carpark Building Facilities,Resolved,"There are ongoing issues with the lifts in the Britomart Transport Centre car park on Customs Street East, Auckland CBD, which frequently break down. The lighting on several levels is very poor, creating navigation and safety concerns for users at peak times.",P1 - Normal,Enforcement – No action required,6/07/2024,27/07/2024,REQUEST FOR INFORMATION,Daniel,Butler
CAS-2377851-Z9K7Z2,ROADS,Heavy Vehicle,Active,"There's a heavy vehicle repeatedly blocking the intersection on Albert Street near Britomart, performing dangerous manoeuvres through peak traffic. This is an urgent safety issue that endangers pedestrians and other road users and needs immediate attention.",P1 - Normal,Response - Full Given,6/09/2025,,REQUEST FOR INFORMATION,Emery,Castillo
CAS-5200014-O9Z2N7,ROADS,Road Sealing,Active,"I'm a bit confused about the road sealing on Dominion Road near Balmoral. The surface keeps bubbling and loose gravel keeps appearing after the recent sealing works, and it's been like this for weeks.",P1 - Normal,Referred - Auckland Council Error,26/09/2025,,REQUEST FOR INFORMATION,William,Shaw
CAS-4487282-O7U5U3,TRAIN,Replacement Services,Active,"Stuck at Britomart Station waiting for the train replacement bus service after the disruption near Newmarket. The replacement buses are late, poorly signposted, and the service is unreliable, causing major delays to my commute into the city.",P1 - Normal,FCR - First Contact Resolution,14/06/2023,,REQUEST FOR INFORMATION,Serenity,Perkins
CAS-1994382-G9Q2C5,ROADS,"Clearways, Transit & Bus Lanes",Active,"Urgent: vehicles are blocking the Queen Street bus lane around the Britomart Transport Centre this morning, undermining the clearway for buses. This is causing significant delays to city-bound services during peak hours and raising safety concerns for other road users.",P1 - Normal,Referred - NZTA,21/11/2024,,REQUEST FOR INFORMATION,James,Day
CAS-3701261-B0X1T6,CYCLING,Cycleway Markings,Active,"I'm a bit puzzled by the cycleway markings along Tamaki Drive near Mission Bay—the painted lane seems to start and end abruptly and the arrows disappear where parked cars are, so I'm not sure where cyclists should ride. The inconsistent markings and faded paint make it feel unsafe and confusing to use.",P1 - Normal,Field Staff Awaiting Assignment,8/02/2023,,REQUEST FOR INFORMATION,Eliana,Ray
CAS-7518398-R4M7R4,ROADS,Road Surface,Active,"Hi there, on Great North Road in Grey Lynn, near the Crummer Road intersection, the road surface has several potholes and loose patches that are hazardous for drivers and cyclists. A quick repair would be appreciated to prevent damage to vehicles and potential accidents during peak traffic.",P2 - Moderate,Response - Full Given,27/07/2025,,FIX,David,Gibson
CAS-3000654-T0Z5W9,ABOUT AT,Report a Problem,Resolved,"Hello AT team, I’d like to report a problem at the bus stop outside the Britomart Transport Centre on Customs Street East. The shelter roof leaks when it rains and the lighting is flickering, which makes it uncomfortable and potentially unsafe for commuters.",P1 - Normal,Case - Duplicate,20/12/2024,12/02/2025,REQUEST FOR INFORMATION,Naomi,Grant
CAS-0735493-V6C8D8,ROADS,Traffic lights & Signals,Resolved,"I'm stuck at the traffic lights at the intersection of Karangahape Road and Victoria Street West in Auckland, and the signals keep cycling out of sync, turning red too late and holding everyone up. It’s causing major gridlock during peak hour and feels unsafe for pedestrians and cyclists trying to cross.",P3 - High,Referred - Auckland Council,30/03/2024,14/05/2024,FIX,Michael,Chapman
CAS-9716541-C0D5M9,PARKING,Pay by Plate Machine,Resolved,"At the Queen Street car park by Aotea Square in central Auckland, the Pay by Plate machine won't accept my plate or let me pay, so I can't exit. It's really frustrating and I need this fixed quickly.",P1 - Normal,Response - Partial Given,9/03/2023,22/03/2023,REQUEST FOR INFORMATION,Ivy,Fox
CAS-3459804-X5C5G4,ROADS,CCTV Camera,Resolved,"There's an issue with the CCTV camera at the Tamaki Drive crossing by Mission Bay in Auckland. The feed flickers and occasionally cuts out during peak traffic, creating a blind spot for road users.",P1 - Normal,FCR - First Contact Resolution,9/05/2023,13/06/2023,REQUEST FOR INFORMATION,Ethan,Nguyen
CAS-6700450-K7A9W6,PARKING,Enforcement,Resolved,"Good afternoon, I parked briefly on Queen Street near the Sky Tower and received a parking enforcement notice. The restriction signs weren’t clearly signposted from the vehicle, and I’d appreciate a review if possible.",P1 - Normal,Enforcement – Completed,19/02/2023,19/03/2023,REQUEST FOR INFORMATION,Paisley,Mcdaniel
CAS-0904126-X8K0V3,BUS,Crashes and Incidents,Active,"On the bus travelling along Dominion Road near the Balmoral Road intersection in Auckland, another vehicle ran a red light and forced the bus to brake hard, leaving passengers jostled and shaken. I’d appreciate if you could review safety measures at that junction to prevent a similar incident in future.",P3 - High,Assigned to SME team,7/05/2023,,FIX,Alexander,Stone
CAS-8477631-C2O3L3,ROADS,Overgrown Plants & Trees,Resolved,"On Sandringham Road by the Balmoral shops, the verge and footpath are choked with overgrown shrubs and trees, forcing pedestrians onto the road and causing near-misses for vehicles. This is unacceptable—get it cleared now before someone gets seriously hurt.",P1 - Normal,Response - Full Given,20/06/2023,1/08/2023,REQUEST FOR INFORMATION,Cora,Vasquez
CAS-7938245-R2A2B5,ROADS,Sealed Road Surface,Active,"On Dominion Road near Balmoral the sealed road surface is breaking up, with cracks and potholes that throw you around and kick up gravel. This is frustrating, especially with buses and cyclists using the route daily.",P2 - Moderate,Field Staff Awaiting Assignment,25/01/2023,,FIX,Aiden,Hunt
CAS-6810149-J9O7L6,BUS,Crashes and Incidents,Resolved,"I was waiting at the Victoria Street West bus stop by Aotea Square when a bus collided with another vehicle, and there was no clear safety guidance or timely updates. This is an unacceptable failure on a major Auckland route and it has left me angry and stranded.",P4 - Significant,FCR - First Contact Resolution,19/03/2023,5/04/2023,FIX,Eva,Russell
CAS-5114365-R4P4M1,ROADS,Driveway Access Application,Resolved,"I'm trying to lodge a driveway access application for my property on Ponsonby Road in Grey Lynn, and the online form keeps failing and I’m confused about what documents are needed.",P1 - Normal,Case – Closed by Field Staff,17/01/2023,2/03/2023,REQUEST FOR INFORMATION,Samuel,Armstrong
CAS-1689492-G8Q6D8,ROADS,Reduce Speed,Active,"Please review reducing the speed limit on Great North Road near the New Lynn town centre. The current limit allows drivers to travel too fast through the pedestrian‑heavy area, increasing safety risks for schoolchildren, shoppers and cyclists near the bus stops.",P1 - Normal,Response - Full Given,3/04/2023,,REQUEST FOR INFORMATION,Lydia,Fisher
CAS-0940819-N8E3R4,HOP,My Transaction History,Active,"I'm urgently trying to pull up my HOP card transaction history, but the app won't load any entries for trips around Britomart Transport Centre and Queen Street. I need a full statement for the last fortnight as soon as possible.",P1 - Normal,Response - Full Given,19/02/2023,,REQUEST FOR INFORMATION,Matthew,Hamilton
CAS-3694229-A9F3J0,PARKING,Illegally Parked Vehicle,Active,"Kia ora, I’d like to report an illegally parked vehicle on Symonds Street outside the University of Auckland City Campus. It’s currently blocking a loading zone and hindering deliveries and pedestrian access.",P3 - High,Declined - Admin Reasons,31/10/2023,,LET US KNOW,Josephine,Spencer
CAS-1988797-D5D5Q6,TOTAL MOBILITY,Application verification,Active,"Trying to verify my Total Mobility application, but the verification keeps failing at the Britomart Transport Centre in central Auckland and it just sits loading for ages. It’s delaying essential trips and I’m getting frustrated with the whole process.",P1 - Normal,FCR - First Contact Resolution,18/06/2024,,REQUEST FOR INFORMATION,Joseph,Pierce
CAS-4038608-Q3Q8H7,PARKING,Enforcement,Resolved,"Hi there, I parked on Victoria Street West by Aotea Square and was issued a ticket; the signage for the parking restrictions and loading zone in that area seemed unclear, so I’m seeking clarification on the enforcement.",P1 - Normal,FCR - First Contact Resolution,20/04/2025,18/06/2025,REQUEST FOR INFORMATION,Juliette,Alvarez
CAS-4470822-D2U4M8,BUS,Arrival & Departure Boards,Resolved,"At the Britomart Transport Centre in Auckland CBD, the bus arrival and departure boards aren’t updating reliably, sometimes showing outdated times or going blank. This makes it difficult to plan connections for riders relying on real-time information.",P1 - Normal,Assigned to Case Mgmt team,14/02/2024,4/04/2024,REQUEST FOR INFORMATION,Lucas,Welch
CAS-2585258-L0P0K3,ROADS,Surface Flooding,Resolved,"Frustrated with the persistent surface flooding at the corner of New North Road and Stoddard Road in Mt Roskill after last night’s heavy rain, with water pooling across the road and into the bus lanes. This is unsafe for pedestrians and is causing ongoing disruption to bus services during peak hours.",P4 - Significant,Referred - Auckland Council Error,8/12/2023,13/01/2024,FIX,Maya,Reid
CAS-2961354-Z9P2P2,ABOUT AT,Report a Problem,Resolved,"Absolutely frustrated with the bus stop outside the Newmarket Train Station on Broadway—the digital timetable boards aren’t updating and buses keep running late, which is ruining my mornings.",P1 - Normal,Case - Duplicate,26/01/2024,22/02/2024,REQUEST FOR INFORMATION,Henry,Bishop
CAS-4072580-H0B2P2,CYCLING,Cycleway Surface,Resolved,"Riding the Tamaki Drive cycleway near Mission Bay is a nightmare—the surface is ruined with potholes, loose gravel and sharp, jarring edges that throw you off every metre. For a city that touts cycling safety, this P2 maintenance is absolutely unacceptable and needs urgent repair now.",P2 - Moderate,Referred - Auckland Council,12/01/2024,27/01/2024,FIX,Rose,Mills
CAS-2540057-T4G9E7,FOOTPATH,Tactile Indicators & Pads,Resolved,"I'm confused by the tactile indicators on the footpath along Queen Street outside Britomart Transport Centre—the pads are faded and several have shifted out of alignment. As a pedestrian, I can't tell where to place my feet safely, which is concerning.",P1 - Normal,Response - Full Given,13/07/2024,15/07/2024,REQUEST FOR INFORMATION,Benjamin,Harrison
CAS-1990561-L7O3O6,ROADS,Surface Flooding,Resolved,"Hi there, there’s surface flooding on Victoria Street West outside the Britomart end near Hobson Street in central Auckland, with water pooling across the lane after rain and slowing traffic; this is a P4 – Significant issue.",P4 - Significant,Referred - Auckland Council Error,4/02/2024,9/02/2024,FIX,Clara,Gilbert
CAS-2210045-Z9V9U2,BUS,Crashes and Incidents,Active,Another bus crash at the corner of Dominion Road and Greenlane West in Epsom—traffic is a nightmare and the bus is late again. This level of disruption is not acceptable and shows a total lack of care for commuters.,P3 - High,FCR - First Contact Resolution,25/04/2023,,FIX,Leo,Dunn
CAS-9986124-O7S0P6,PARKING,Off Street Carpark / Parking Lot,Active,"I'm a bit confused about the off-street carpark at Britomart Transport Centre—the ticket machine wouldn’t accept my card and the barrier wouldn’t lift. Am I meant to pay at the exit or online, and why is there no clear signage about payment methods?",P1 - Normal,Field Staff Awaiting Assignment,22/06/2023,,REQUEST FOR INFORMATION,Addison,Snyder
CAS-5895300-L5B7W2,ROADS,Disruptions & Closures,Resolved,Fuming about the ongoing disruptions and closures on Great North Road in Henderson—the detours are chaotic and the updates are non-existent. My daily commute is a nightmare as traffic crawls and delays keep stacking up.,P1 - Normal,Referred - Auckland Council,11/12/2024,2/01/2025,REQUEST FOR INFORMATION,Owen,Simpson
CAS-8542057-C0C2W1,ROADS,Reduce Speed,Active,"Urgent: drivers are speeding along Karangahape Road near the Newton Road intersection in Auckland, creating a real safety risk for pedestrians and cyclists. Please implement a lower speed limit in this stretch and ensure it’s enforced.",P1 - Normal,FCR - First Contact Resolution,23/07/2024,,REQUEST FOR INFORMATION,Sadie,Hawkins
CAS-0658165-G5A7O2,ROADS,Congestion & Delays,Active,"There's ongoing congestion around the Dominion Rd and Balmoral Rd intersection in Mt Eden during the morning peak, with regular queues and 10–15 minute delays. This is impacting both private vehicles and bus timetables in the area.",P1 - Normal,Response - Full Given,12/07/2024,,REQUEST FOR INFORMATION,Wyatt,Hart
CAS-3351682-A0M3V2,PARKING,Parking Charges & Payments,Active,"Hi there, I parked at the Britomart Transport Centre car park in Auckland CBD and was charged more than the posted rate for the time I stayed. The charge on my receipt doesn’t match the duration I parked, and I’d appreciate if you could review and adjust the payment accordingly.",P1 - Normal,Assigned to SME team,7/11/2023,,REQUEST FOR INFORMATION,Gabriella,Ford
CAS-5938236-R8N1B2,BUS,Bus Stop Sign,Resolved,"I'm at the bus stop on Queen Street outside Britomart and the sign is faded and illegible, so I can't tell which routes stop there or when the next bus is due. It’s quite confusing and feels like it needs fixing.",P1 - Normal,FCR - First Contact Resolution,27/06/2024,19/08/2024,REQUEST FOR INFORMATION,Gabriel,Franklin
CAS-1735522-E6U8W7,ROADS,Loose stones,Resolved,"I'm confused why there are loose stones all over New North Road near the Grey Lynn shops. It’s a hazard for cars and cyclists, and it doesn’t look like any repair work is happening yet.",P1 - Normal,Response - Full Given,14/04/2025,4/06/2025,REQUEST FOR INFORMATION,Jade,Johnston
CAS-0188051-H5A5F8,ROADS,Missing or Damaged sign,Resolved,"Hi there, at the intersection of Karangahape Road (K Road) and Victoria Street West in the City Centre, the pedestrian crossing sign is missing or damaged, which makes crossing there a bit uncertain for pedestrians.",P2 - Moderate,Response - Simplified Given,12/04/2025,7/05/2025,FIX,Anthony,Olson
CAS-3299010-K3Z4X4,PARKING,Enforcement,Active,"Urgent: please review a parking enforcement notice issued outside 12 Albert Street, Auckland CBD. I parked in a clearly signed 2-hour zone and had just returned to the car when I found the ticket; the signage was obscured and I couldn’t tell there were restrictions.",P1 - Normal,Case - Relogged to field staff,16/06/2023,,REQUEST FOR INFORMATION,Kennedy,Ruiz
CAS-8673728-K9L6X5,PARKING,AT Park App,Resolved,"Kia ora, I was trying to pay for parking via the AT Park app at the Albert Street Car Park in Auckland CBD, but the payment kept failing. The gate wouldn’t open and I received an error message, which was stressful as I needed to leave before my time expired.",P1 - Normal,Problem Solved,10/10/2023,6/11/2023,REQUEST FOR INFORMATION,Carter,Rice
CAS-4774122-A5X5V3,ROADS,Missing or Damaged sign,Active,"There's a damaged Give Way sign at the intersection of Dominion Road and Mt Eden Road, making it unclear which road yields at the junction. The sign appears bent and partly obscured by vegetation, which could cause confusion for drivers and pedestrians.",P2 - Moderate,Referred – Third party,8/06/2024,,FIX,Autumn,Romero
CAS-7262926-U2E5P0,ROADS,Road Sealing,Active,"I'm absolutely livid about the road sealing on Tamaki Drive near Mission Bay—the seal is breaking up, with loose gravel and rutted patches after every rain. This is a real hazard for cars and bikes during peak hour and it's been ignored for far too long.",P1 - Normal,Case – Closed by Field Staff,28/10/2023,,REQUEST FOR INFORMATION,Julian,Elliott
CAS-9600791-T8U0Y9,BUS,Journey Planning,Resolved,"From the New Lynn Transport Centre to Britomart, the journey planner keeps giving me incorrect routes and transfer points, leaving me stuck waiting for buses that never turn up. This is urgent—reliable journey planning is crucial for my daily commute.",P1 - Normal,FCR - First Contact Resolution,5/09/2023,27/10/2023,REQUEST FOR INFORMATION,Peyton,Porter
CAS-8456191-R3F9N2,PARKING,AT Park App,Active,"Good afternoon, I tried to start a parking session using the AT Park app at the Victoria Street West car park in Auckland CBD, but the app kept freezing and wouldn’t register my payment. Could you please check that my session is active so I’m not at risk of a ticket if the timer doesn’t start?",P1 - Normal,Response - Simplified Given,10/01/2025,,REQUEST FOR INFORMATION,John,Matthews
CAS-7388194-L2M6L2,PARKING,Illegally Parked Vehicle,Resolved,"On Karangahape Road in Auckland's CBD, a vehicle was parked illegally in a no-stopping zone near Pitt Street, blocking access for pedestrians and other road users.",P3 - High,Enforcement – Completed,30/08/2025,16/10/2025,LET US KNOW,Liam,Smith
CAS-1261658-U5C9C8,ROADS,Reduce Speed,Resolved,"I'm bloody angry about the speed on Dominion Road between Balmoral and Mt Roskill. Drivers keep flying past the 50km/h limit and the traffic-calming measures aren't stopping it, putting pedestrians at risk.",P1 - Normal,Customer - No Response,1/07/2023,4/08/2023,REQUEST FOR INFORMATION,Liam,Kelley
CAS-9121368-A0X0S3,FOOTPATH,Encroachment,Active,"On Victoria Street West in central Auckland, the footpath is encroached by a cafe's outdoor seating, forcing pedestrians into the road and creating a daily safety hazard. This is a P1 issue that must be addressed urgently.",P1 - Normal,Response - Full Given,3/09/2023,,REQUEST FOR INFORMATION,Levi,Gutierrez
CAS-9868032-V3X1O6,ROADS,CCTV Camera,Active,"Hello, I’d like to report a fault with the CCTV camera at the corner of Victoria Street West and Hobson Street in Auckland; the feed has been unstable and the camera isn’t recording during peak traffic, which could affect road safety monitoring in the city centre.",P1 - Normal,Declined - Legislation,12/10/2025,,REQUEST FOR INFORMATION,Julia,Stephens
CAS-4866669-Y9I6T5,ROADS,Driveway Access Application,Resolved,Fuming about the driveway access application for my property on Remuera Road in Remuera—the process has stalled for weeks and I can't even pull my car in or out safely during peak times. This is causing ongoing traffic build-ups on the road and I need a clear timeline and urgent action from Auckland Transport.,P1 - Normal,Response - Full Given,15/04/2024,6/06/2024,REQUEST FOR INFORMATION,Grayson,Boyd
CAS-3882332-A3V8Q5,FOOTPATH,Footpath Surface,Active,"The footpath surface along Karangahape Road near St Kevin's Arcade is uneven with raised slabs, posing a trip hazard for pedestrians.",P2 - Moderate,Response - Partial Given,28/07/2023,,FIX,Rylee,Holmes
CAS-2171148-X4S0W2,FOOTPATH,Pedestrian Facilities,Resolved,"On Queen Street outside Britomart Transport Centre, the footpath has uneven pavers and a misaligned dropped kerb, making it hard to tell where pedestrians should walk. The unclear signage and temporary barriers don't help, and I’m genuinely confused about the safest route.",P1 - Normal,Field Staff Awaiting Assignment,12/05/2024,17/05/2024,REQUEST FOR INFORMATION,Dylan,Holmes
CAS-5574870-G3X0S5,ABOUT AT,Report a Problem,Active,"Kia ora, I’m reporting a problem at the bus stop outside the University of Auckland on Symonds Street where the 9:15 to the city was cancelled and the next service arrived well over 15 minutes late, causing me to miss an important appointment.",P1 - Normal,FCR - Insufficient Info From Customer,20/03/2025,,REQUEST FOR INFORMATION,Taylor,Lawson
CAS-6848953-E1P9N5,FOOTPATH,Signage,Resolved,"On the footpath outside Auckland Railway Station on Wellesley Street West, the signage is confusing. There are arrows pointing in several directions and the wording on the signs doesn’t match the maps I have, so I’m not sure where to go.",P1 - Normal,Response - Full Given,4/06/2023,26/06/2023,REQUEST FOR INFORMATION,Jaxon,Wagner
CAS-4994618-H6L1W7,WALKING,Benches & Seating,Resolved,"There's a shortage of usable seating along the Symonds Street footpath outside the University of Auckland City Campus, which affects pedestrians who need a rest during their walk. Several benches are old, uneven, or have damaged slats, making them uncomfortable or unsafe to use.",P1 - Normal,Case – Closed by Field Staff,26/02/2023,11/04/2023,REQUEST FOR INFORMATION,Cora,Hanson
CAS-7252934-S8O6Y9,PARKING,Pay by Plate Machine,Resolved,"I'm parked on Victoria Street West by Aotea Square in Auckland CBD, and the pay-by-plate machine is unresponsive. It won't accept my plate or take any payment, so I'm at risk of a fine and need urgent assistance.",P1 - Normal,Case - Duplicate,18/10/2025,12/11/2025,REQUEST FOR INFORMATION,Lincoln,Fields
CAS-0420679-Z8N4T7,PARKING,Parking Restrictions,Resolved,"Frustrated with the parking restrictions along Victoria Street West by the Britomart Transport Centre—the two-hour limit during business hours is routinely wasted when delivery trucks block the bays, and the signage doesn’t always match the meters.",P1 - Normal,Case - Duplicate,11/11/2023,23/11/2023,REQUEST FOR INFORMATION,Piper,Willis
CAS-7231112-A8Z0Q1,MAJOR PROJECTS,Project Plan & Design,Active,"Kia ora, I’m writing to raise concerns about the current project plan and design for the major upgrades along Dominion Road in Balmoral, as I rely on that corridor for my daily trips. Could you provide clearer details on how the new pedestrian routes and bus stops will affect accessibility and traffic flow, and how community feedback has been factored into the design?",P1 - Normal,Referred - Auckland Council,11/02/2023,,REQUEST FOR INFORMATION,Caleb,Cunningham
CAS-7337643-T8H5K6,ABOUT AT,Report a Problem,Resolved,"I'm bloody furious with the service at the bus stop outside Britomart Transport Centre on Customs Street East in Auckland CBD. Buses are late every day and the timetable is a joke, making the morning commute unbearable.",P1 - Normal,Referred - Auckland Council Error,7/12/2024,5/01/2025,REQUEST FOR INFORMATION,Hadley,Gibson
CAS-7926861-P3F4P4,PARKING,Payment Machines,Resolved,"At the Britomart Car Park off Customs Street East in Auckland CBD, the payment machine keeps swallowing my card and failing to process the payment, so I’m stuck and can’t leave. This has happened twice today and I’m fed up wasting time and risking a fine because the machines are unreliable.",P1 - Normal,Case - Relogged Incorrect Dimension,19/05/2025,10/06/2025,REQUEST FOR INFORMATION,Ryan,Ellis
CAS-6826693-A9K1F8,PARKING,Off Street Carpark / Parking Lot,Active,"I'm parked at the Britomart Car Park on Customs Street East and I'm really confused about the charges—the pay machine won't accept my card. The signs on Level 1 and Level 2 seem to show different rates, so I can't figure out how much I owe.",P1 - Normal,Field Staff Awaiting Assignment,17/01/2024,,REQUEST FOR INFORMATION,Valentina,Romero
CAS-2532876-P7R3W8,ROADS,WorkSafe Hotline,Resolved,"There's roadworks on Queen Street by the Town Hall in Auckland CBD, and the barriers are unclear with workers in hi-vis. I'm confused about what the WorkSafe Hotline is for and who I should contact, since the signage doesn't tell me whether it's a safety issue or a transport fault.",P1 - Normal,Response - Full Given,26/04/2025,11/06/2025,REQUEST FOR INFORMATION,Asher,Porter
